,Board Size,Number of Runs,Depth,Prune,Win Chance,Average Time(s),Average Visited Nodes
0,6 * 7,100,1,False,0.69,0.00616547584533691,31.68
1,6 * 7,100,3,False,1,0.280248136520386,1810.08
2,6 * 7,100,5,False,1,13.8945335912704,92875.81
3,6 * 7,100,1,True,0.55,0.00624004125595093,32.62
4,6 * 7,100,3,True,0.84,0.0978841376304626,708.92
5,6 * 7,100,5,True,0.67,1.5444002699852,11550.18
6,6 * 7,100,7,True,0.52,19.6736243915558,148800.47
