,Board Size,Number of Runs,Depth,Prune,Win Chance,Average Time(s),Average Visited Nodes
0,7 * 8,20,1,False,0.8,0.00967965126037598,36.45
1,7 * 8,20,3,False,1,0.537385058403015,2573.3
2,7 * 8,20,5,False,1,42.4089293122292,191935.1
3,7 * 8,20,1,True,0.8,0.0105597972869873,33.75
4,7 * 8,20,3,True,0.85,0.196874356269836,872.35
5,7 * 8,20,5,True,0.65,3.43120994567871,16180.4
6,7 * 8,20,7,True,0.55,59.4353953719139,309282.75
