,Board Size,Number of Runs,Depth,Prune,Win Chance,Average Time(s),Average Visited Nodes
0,7 * 10,20,1,False,0.7,0.014624059200286865,44.0
1,7 * 10,20,3,False,1.0,1.2159884095191955,4551.45
2,7 * 10,20,5,False,1.0,130.7345956325531,467088.4
3,7 * 10,20,1,True,0.65,0.014683771133422851,41.45
4,7 * 10,20,3,True,0.85,0.3494519829750061,1307.95
5,7 * 10,20,5,True,0.65,7.995219445228576,31232.1
6,7 * 10,20,7,True,0.6,243.40643541812898,959643.45
